corpus,n_docs,mean_ASL,mean_FRE,mean_LIX,mean_words,mean_sentences
Folk Fairy Tales,122,22.75081534419844,70.41033023149802,38.92562561055437,1639.0655737704917,74.43442622950819
GPT-4o,100,14.194318187818958,81.70781213358072,28.823139950358808,1146.99,81.98
GPT-5,100,15.406421660854154,79.48422588072843,31.242774878270954,1261.46,82.8
