Author/Group,N_docs,Mean word length (chars) (mean ± sd),Word length variation (sd),Mean sentence length (words) (mean ± sd),Sentence length variation (sd)
Overall mean,322.0,4.58 ± 0.13,2.1211695673686712,16.62 ± 3.55,8.756184290026527
Folk Fairy Tales,122.0,4.62 ± 0.19,2.2473738070257263,20.33 ± 2.72,11.267519389665376
GPT-4o,100.0,4.54 ± 0.08,2.0086096340449675,14.03 ± 1.53,7.53894809643131
GPT-5,100.0,4.59 ± 0.08,2.0797603283107673,14.68 ± 1.36,6.909591662062347
